Titre VF;Titre VO;Auteur(s);Format;Lectorat;Genre 1;Genre 2;Editeur;Collection;Année;Nombre de pages;Langue;Note personnelle (/20);Moyenne (/20);Date de lecture;Date d'achat;Type de livre;ISBN;Résumé
Que je vous aime, que je t'aime !;;Collectif ;Roman;Adulte;Contemporain;;Folio ;;2018;128;Française;;14;;26/06/2023 20:23;Livre papier;9,78E+12;"Il n'est pas toujours facile de trouver les bons mots pour avouer son amour.
Comment ne pas paraître gauche ou ridicule, importun ou trop pressant ? C'est un moment si important qu'il ne faut pas se fourvoyer. Avec le Cid et Chimène, Pâris et la belle Hélène, Juliette Drouet et Victor Hugo ou Cyrano et Roxane, apprenez à déclarer votre flamme..."
Mon cher petit Lou;;Apollinaire Guillaume;Correspondance;Adulte;Histoire vraie;;Folio ;;2014;112;Française;;15,3;;26/06/2023 20:23;Livre papier;9,78E+12;"«Au revoir ma chérie, je t'embrasse de tout mon cœur, de toute ma force, de toute ma virilité sur tout ce que je désire, sur tes seins roses et merveilleux. Tes lettres sentent bon les parfums de Grasse. Ce matin à l'écurie j'ai trouvé un pinson mort de froid, mais encore tiède. Je voulais lui masser le cœur pour essayer de le faire revivre, mais le vieil adjudant de ma batterie, me l'a demandé pour le porter au mess, et le manger.»

Hymne à l'amour vibrant et sensuel en temps de guerre, ces lettres d'Apollinaire sont aussi un précieux témoignage sur la vie quotidienne des poilus."
10 jours pour une love story;The Love of My Afterlife;Greenwood Kirsty;Roman;Adulte;Romance;Contemporain;Penguin Books;;2024;400;Anglaise;;17,3;;23/09/2025 19:10;Livre papier;9,78E+12;"Si elle n’était pas déjà morte, Delphie mourrait de honte. Elle vient de s’étouffer avec un infâme hamburger cuit au micro-ondes, et la voilà maintenant à Evermore dans la salle d’attente de l’au-delà, vêtue d’une abominable chemise de nuit devant un homme très séduisant. Alors qu’ils font connaissance, l’étincelle jaillit et Delphie pense avoir enfin rencontré son âme soeur. Mais catastrophe, à la suite d’une erreur administrative, il est renvoyé sur Terre, plus précisément à Londres !

Heureusement, Delphie se voit offrir une dernière chance : dix jours sur Terre pour retrouver son bel inconnu et l’embrasser. Si elle réussit, elle sera autorisée à rester avec lui, sinon tout ce qui l’attend est un aller simple pour l’au-delà…"
13 minutes;13 minutes;Pinborough Sarah;Roman;Adulte;Thriller;;Castelmore;;2020;449;Française;;14;;24/04/2020 21:13;Livre papier;9,78E+12;"« Pendant 13 minutes je suis morte, et maintenant je veux savoir pourquoi. »

Natasha Howland, seize ans et reine du lycée, est retrouvée un matin à moitié noyée dans la rivière. Déclarée morte pendant treize minutes, elle survit néanmoins, mais déclare n’avoir aucun souvenir des vingt-quatre heures précédant sa chute dans la rivière. Suicide, regrettable accident ou tentative de meurtre ? Bien vite, la police semble convaincue du caractère intentionnel de l’affaire. Becca, amie d’enfance délaissée de Natasha, se retrouve malgré elle prise dans l’engrenage de cette affaire et décide de mener sa propre enquête. Ce n’est que le début des drames et des soupçons qui vont s’abattre sur le lycée de Brackston..."
15 voyages extraordinaires;;Verne Jules;Roman;Adulte;Aventure;;Flammarion;;2011;256;Française;;;;18/12/2023 22:17;Livre papier;9,78E+12;Et si nous faisions le tour du monde ? Dans les airs, sous l’eau et dans l’espace, dans des temps réels ou imaginaires, vers des contrées lointaines et exotiques ! Quinze voyages dans l’univers extraordinaire de Jules Verne nous emmènent sur les traces de ses héros, au rythme de leurs aventures, des multiples dangers qu’ils encourent et de leurs incroyables découvertes.
17 millimètres;;Médina Florence;Roman;Young Adult;Contemporain;;Scrineo;;2024;224;Française;;16,9;;14/11/2024 15:43;Livre papier;9,78E+12;"Un roman d’une justesse à couper le souffle sur l’avortement!
&quot;Comment peut-on se retrouver
En consultation pour une IVG
Avec une culotte
À licornes ?&quot;
Cet été, en camp d'ado, Mona et Liam ont fait l'amour pour la première fois. C'était bien.
Sauf que le préservatif a craqué.
Et qu'ils n'ont pas osé demander aux monos de les accompagner à la pharmacie pour demander une pilule du lendemain.
Mais après tout, Mona avait eu ses règles quelques jours plus tôt, alors... ça ne risquait rien, si ?
Six semaines plus tard, la jeune femme doit se rendre à l'évidence : elle est enceinte. Et d'après les informations qu'elle a glanées sur le net, elle héberge déjà un embryon de 17 millimètres.
C'est peu et c'est beaucoup, 17 millimètres. C'est trop quand on ne veut pas d'un enfant, là, tout de suite, à 16 ans.
Mona a le choix, le droit d'avorter. Ce n'est pas facile pour autant."
1984;Nineteen Eighty-Four / 1984;Orwell George;Roman;Adulte;Science-Fiction;;Folio ;;2012;391;Française;;16,3;;18/12/2023 21:05;Livre papier;9,78E+12;"En 1984, alors que l'Océania est toujours en guerre contre l'Eurasia, Winston, dans un acte de désobéissance extrême, décide de tenir son journal... Il lui faut, en plus, redoubler de prudence lorsque la fille aux cheveux noirs prend contact avec lui. En Océania, les relations hors mariage sont proscrites, les amitiés doivent rester superficielles et il est interdit de se mélanger aux prolétaires. 
La Police de la Pensée veille, et Big Brother ne vous lâche pas des yeux. Le livre culte d'Orwell adapté en roman graphique."
2084 : La fin du monde;;Sansal Boualem;Roman;Adulte;Science-Fiction;;Folio ;;2017;331;Française;;13,4;26/08/2025 17:48;26/08/2025 17:48;Livre papier;2072713986;"L’Abistan, immense empire, tire son nom du prophète Abi, «délégué» de Yölah sur terre. Son système est fondé sur l’amnésie et la soumission au dieu unique. Toute pensée personnelle est bannie, un système de surveillance omniprésent permet de connaître les idées et les actes déviants. Officiellement, le peuple unanime vit dans le bonheur de la foi sans questions. 
Le personnage central, Ati, met en doute les certitudes imposées. Il se lance dans une enquête sur l’existence d’un peuple de renégats, qui vit dans des ghettos, sans le recours de la religion… 
Boualem Sansal s’est imposé comme une des voix majeures de la littérature contemporaine. Au fil d’un récit débridé, plein d’innocence goguenarde, d’inventions cocasses ou inquiétantes, il s’inscrit dans la filiation d’Orwell pour brocarder les dérives et l’hypocrisie du radicalisme religieux qui menace les démocraties."
3 mètres au dessus du ciel /  Trois mètres au-dessus du ciel;3 Metri sopra il cielo;Moccia Federico;Roman;Adulte;Romance;Drame;Gallimard ;Pôle Fiction;2012;521;Française;;15,7;;24/06/2019 16:00;Livre papier;;"Jeunes et déchaînés, ils s'aiment 
jusqu'à décoller de terre, 
jusqu'à toucher le ciel. 
Plus que ça. 
Au moins.., trois mètres au-dessus du ciel ! 
Mais ils ne sont pas seuls: il y a le lycée, 
les parents, la bande de copains qui dérape 
et franchit les limites..."
3000 façons de dire je t'aime;;Murail Marie-Aude;Roman;Adolescence;Contemporain;;L'École des loisirs;;2013;272;Française;;17;;23/12/2024 15:30;Livre papier;;"Chloé, Bastien et Neville ont eu en cinquième une professeure de français qui n’aimait que les livres qui finissent mal. Un soir, elle les a emmenés pour la première fois au théâtre voir une représentation de Dom Juan de Molière. Cette soirée a changé leur vie. C’est décidé, ils seront comédiens ! 
 Six ans plus tard, leur désir de monter sur scène est intact et ils se retrouvent au conservatoire d’art dramatique de leur ville. Le professeur le plus réputé, Monsieur Jeanson, les prend tous les trois dans son cours. 
 Chloé va devoir concilier les cours de théâtre avec le rythme intensif de la classe préparatoire qu’elle vient d’intégrer. Bastien, prêt à tout pour faire rire, pense qu’il suffit de regarder une vidéo de Louis de Funès pour apprendre la tirade d’Harpagon. Le beau et ténébreux Neville a peur de se donner les moyens de son ambition, d’être un autre pour savoir enfin qui il est. Comment le théâtre va-t-il lier pour toujours la jolie jeune première, le valet de comédie et le héros romantique que Jeanson a su voir en eux ?"
50 cents;;Carreras Thomas;Roman;Adolescence;Humour;;Sarbacane;Exprim';2013;342;Française;;13,8;;29/06/2022 19:06;Livre papier;2848656115;"50 cents, c'est : Une virée folle à San Francisco. 

- Au menu : Un baron du crime russe, une tueuse bien tarée, un chef de guerre zimbabwéen adepte de la machette, un biker au tee-shirt zz top rose fluo et des flics patibulaires.

- Ce qui les rassemble : Une pièce de 50 cents magique...

- Ca te branche ? Alors laisse tomber la chemise hawaïenne, enfile ton gilet pare-balles et dis au revoir à ta mère, parce que ça va chauffer !"
54 minutes;This Is Where It Ends;Nijkamp Marieke;Roman;Young Adult;Contemporain;;Sourcebooks;;2016;292;Anglaise;;16,2;;04/04/2024 17:26;Livre papier;;"Opportunity School, Alabama. Les élèves sont réunis pour écouter leur directrice. Mais lorsque le discours s’achève, l’un d’entre eux, Tyler Browne, verrouille les portes et tire sur la foule.

Commencent alors cinquante-quatre minutes de massacre, cinquante-quatre minutes glaçantes racontées dans les messages des victimes à leurs proches et par quatre élèves, à l’intérieur et à l’extérieur de la salle. Tous ont un lien avec Tyler  : Claire, son ex-petite amie, Autumn, sa propre sœur, Sylvia, la petite amie d’Autumn et le frère de celle-ci, Thomas.

Cinquante-quatre minutes pendant lesquelles Tyler force ses otages terrorisés à l’écouter se plaindre. Il n’a jamais été aimé, ni par sa petite amie Claire, ni par son père violent et alcoolique, et encore moins par sa sœur Autumn, à laquelle il ne pardonne pas de vouloir partir à New York pour être danseuse.

Mais loin d’être une victime, Tyler est avant tout un psychopathe, qui assassine trente-neuf personnes."
99 jours, tome 1;99 days;Cotugno Katie;Roman;Adolescence;Contemporain;;Balzer + Bray;;2015;372;Anglaise;;13,3;;09/07/2022 22:38;Livre papier;;99 jours. Une éternité. Le temps qu’il me reste avant de partir à l’université. J’aurais dû être heureuse de passer l’été chez moi. Mais tout le monde me déteste. C’est ce qui arrive quand vous passez la nuit avec le frère de votre petit ami. Et que votre mère ne trouve rien de mieux qu’écrire un best-seller à peine romancé sur cette histoire. Depuis, on me regarde de travers, on jette des oeufs sur ma maison, on me harcèle. Le pire dans tout ça ?Je ne sais toujours pas quel frère choisir.
A comme aujourd'hui;Every Day;Levithan David;Roman;Adolescence;Romance;;Gallimard ;;2015;448;Française;;16,6;;18/11/2024 21:34;Livre papier;9,78E+12;"Chaque jour un nouveau corps. Chaque jour une vie différente. Chaque jour amoureux de la même fille.

Il ne peut jamais prévoir où ou qui il sera. A s'y est maintenant habitué et a même établi certaines règles de conduite : ne jamais s'attacher. Faire en sorte de ne pas se faire remarquer. Ne pas s'impliquer.

Tout suit son cours jusqu'au matin où A se réveille dans le corps de Justin et rencontre sa copine, Rhiannon. A partir de ce moment, A balayent les règles qui gouvernent sa vie. Parce qu'il a maintenant trouvé quelqu'un avec qui il veut passer sa vie. Du matin au soir, jour après jour."
À l'ouest, rien de nouveau;Im Westen nichts Neues;Remarque Erich Maria;Roman;Adulte;Historique;Histoire vraie;Le Livre de Poche;;2013;254;Française;;16,2;;24/06/2019 16:19;Livre papier;;« Quand nous partons, nous ne sommes que de vulgaires soldats, maussades ou de bonne humeur et, quand nous arrivons dans la zone où commence le front, nous sommes devenus des hommes- bêtes. ». Témoignage d'un simple soldat allemand de la guerre 1914-1918, À l'ouest rien de nouveau, roman pacifiste, réaliste et bouleversant, connut, dès sa parution én 1928, un succès mondial retentissant et reste l'un des ouvrages les plus remarquables sur la monstruosité de la guerre.
A la ligne ;;Martinière Julien et Ponthus Joseph;Bande-dessinée;Adulte;Contemporain;;Sarbacane;;2024;208;Française;;16,2;;30/11/2024 20:09;Livre papier;9,78E+12;Un roman coup de poing, estomaquant, du jamais LU, qui devient sous la plume de Julien Martinière un Roman Graphique jamais VU ! C'est l'histoire d'un ouvrier intérimaire, Joseph Ponthus, qui embauche dans les conserveries de poissons et les abattoirs bretons. Jour après jour, il inventorie avec une infinie précision les gestes du travail à la ligne, le bruit, la fatigue, les rêves confisqués dans la répétition de rituels épuisants, la souffrance du corps. Ce qui le sauve, c'est qu'il a eu une autre vie. Il connaît les auteurs latins, il a vibré avec Dumas, il sait les poèmes d'Apollinaire et les chansons de Trenet. C'est sa victoire provisoire contre tout ce qui fait mal, tout ce qui aliène. Et, en allant à la ligne, on trouvera dans les blancs du texte la femme aimée, le bonheur dominical, le chien Pok Pok, l'odeur de la mer. Par la magie d'une écriture tour à tour distanciée, coléreuse, drôle, fraternelle, la vie ouvrière devient une odyssée où Ulysse combat des carcasses de boeufs et des tonnes de bulots comme autant de cyclopes.
À la place du coeur, tome 1;;Cathrine Arnaud;Roman;Adolescence;Romance;Contemporain;Robert Laffont;;2015;252;Française;;16,1;;19/12/2023 00:13;Ebook;;"Six jours dans la vie de Caumes qui vit son premier amour.
Six jours de janvier 2015 où la France bascule dans l'effroi.

Ce soir, Caumes a 17 ans et attend le déluge. Il ne sait qu'une chose : à la fin de l'année, il quittera sa ville natale pour rejoindre son frère aîné à Paris. Paris, la ville rêvée. Ce soir, Caumes a 17 ans et attend aussi le miracle qui, à son grand étonnement, survient : Esther – sujet de tous ses fantasmes – se décide enfin à lui adresser plus de trois mots, à le regarder droit dans les yeux et à laisser deviner un « plus si affinités »...
Nous sommes le mardi 6 janvier 2015 et le monde de Caumes bascule : le premier amour s'annonce et la perspective obsédante de la « première fois ». Sauf que le lendemain, c'est la France qui bascule à son tour : deux terroristes forcent l'entrée du journal Charlie Hebdo et font onze victimes...
À la place du coeur, c'est ça : une semaine, jour après jour, et quasiment heure par heure, à vivre une passion sauvageonne et exaltante ; mais une semaine également rivée sur les écrans à tenter de mesurer l'horreur à l'oeuvre, à tenter de ne pas confondre l'information en flux continu avec un thriller télé de plus. Comment l'amour (qui, par définition, postule que « le monde peut bien s'écrouler ») cohabite-t-il avec la mort en marche ? Comment faire tenir ça dans un seul corps, dans une seule conscience ? Comment respirer à fond le parfum de la fille qu'on aime et comprendre, dans le même temps, que le monde qui nous attend est à terre ?"
À la place du coeur, tome 2;;Cathrine Arnaud;Roman;Adolescence;Romance;Contemporain;Robert Laffont;;2017;291;Française;;17,3;;19/12/2023 00:14;Livre papier;;"Cette saison est celle de l'éprouvant retour de Caumes à la vie. Il est raconté par son cousin, Niels, depuis la côte Atlantique : tout un été à tenter de sortir Caumes de sa torpeur muette et rageuse. Puis c'est Esther qui prend la parole : elle dont Caumes s'est peu à peu éloigné ; elle dont l'amour ne lâche pas ; elle qui, faute de pouvoir tourner la page, s'est persuadée qu'un après était possible dans ses bras. Mais ces jeunes adultes sont aussi les enfants de novembre, les enfants du Bataclan, du Carillon, du Petit Cambodge. La vie n'a pas fini d'être mise à l'épreuve. La vie n'a pas fini d'être à réinventer."
À la place du coeur, tome 3;;Cathrine Arnaud;Roman;Adolescence;Romance;Contemporain;Robert Laffont;;2018;304;Française;;16,5;;19/12/2023 00:14;Livre papier;;Caumes, je viens de terminer ton livre: il est immonde. Je ne t'embrasse pas. Je ne t'embrasserai plus. Esther.
A million kisses in your lifetime;;Murphy Monica;Roman;Adulte;Romance;Contemporain;Penguin Books;;2022;554;Anglaise;;15,3;;17/06/2024 23:43;Livre papier;9,78E+12;"Depuis qu’il a posé les yeux sur elle, il n’a qu’une envie : la posséder.

On veut toujours ce qu’on ne peut pas avoir. Et ce que Crew convoite est précisément cela. Wren. Aux yeux de tous, elle est parfaite, discrète, naturelle et douce. Mais Crew ne la voit pas de la même manière, il la désire différemment. Et il n’a surtout pas envie d’être tendre avec elle. Non, il veut plus que ça, il veut tout lui prendre : son cœur, son innocence, sa virginité. Depuis qu’ils se côtoient au lycée, elle ne lui a jamais prêté la moindre attention. Alors, lorsqu’ils sont forcés de collaborer pour un projet de groupe, Crew sent que leur relation est sur le point d’évoluer. Wren n’aura pas d’autre choix que de lui adresser la parole. Et alors elle aura déjà perdu. Car il compte bien briser les murs qu’elle a érigés autour d’elle, tout détruire jusqu’à ce qu’il ne reste plus rien. Après tout, Crew est un Lancaster, il est capable du pire, y compris de faire succomber la fille la plus pure du lycée."
À nos amours manquées;;Eberlen Kate;Roman;Adulte;Romance;;Pocket;;2018;572;Française;;17,3;;16/11/2021 17:02;Livre papier;2266282964;"Août 1997. Tree achève un mois de vacances en Italie avec sa meilleure amie, avant d'entrer à l'université. Un dernier jour d'insouciance à Florence avant le drame qui attend sa famille et qui va bouleverser son existence à jamais.
Gus est lui aussi en vacances à Florence, avec ses parents. La vie de sa famille a déjà changé de manière soudaine depuis que son frère a disparu, et Gus ne pense qu'à voler de ses propres ailes.
Ce jour-là, ces deux inconnus admirent côte à côte la basilique San Miniato al Monte...
Au cours des seize années suivantes, leurs chemins vont se croiser au gré des hasards du destin, quelques secondes à peine, sans que l'un ou l'autre s'en aperçoive. De coïncidence en coïncidence, Gus et Tree auront-ils un jour l'occasion de se découvrir ?"
À quoi rêvent les étoiles;;Fargetton Manon;Roman;Young Adult;Contemporain;;Gallimard ;;2022;423;Française;;17,1;;29/06/2022 19:08;Livre papier;9,78E+12;"Titouan ne sort plus de sa chambre. Alix rêve de théâtre. Luce reste inconsolable depuis la mort de son mari. Gabrielle tient trop à sa liberté pour s'attacher. Armand à construit sa vie entière autour de sa fille. Cinq personnages, cinq solitudes que tout sépare. Il suffira pourtant d'un numéro inconnu s'affichant sur un téléphone pour que leurs existences s'entrelacent... ""Hasard, destin, alignement de planètes...
Appelez ça comme vous voulez, moi j'appelle ça magie""."
À un cheveu;;Desard Maëlle;Roman;Young Adult;Contemporain;;Slalom;;2022;313;Française;;17,4;;23/04/2025 14:52;Livre papier;9,78E+12;"Un grand bain d'humour et d'empowerment
À 17 ans, Emma aime la natation, son frère presque jumeau, le chocolat et dessiner dans les marges de ses cahiers. Elle serait à un cheveu de la belle vie si elle n'avait pas perdu les siens, de cheveux, deux ans plus tôt (tandis que le reste de ses poils a continué à pousser, merci bien !). Affublée d'une perruque avec laquelle elle entretient une relation d'amour-haine quasi mystique, Emma décide de profiter du déménagement de sa famille pour repartir de zéro. Nouvelle vie, nouveaux amis... et peut-être un premier amour !
Un roman lumineux sur l'acceptation de soi et de son corps, résolument féministe et universel !"
ABC...;;Da Silva Antonio;Roman;Adolescence;Contemporain;;du Rouergue;;2020;176;Française;;16,3;;03/11/2024 22:25;Livre papier;9,78E+12;"Bamako, capitale du Mali, Jomo a une passion dévorante pour le basket. Son rêve ? Passer pro. Grâce à Richard, un recruteur pour des clubs européens, il va intégrer l'Academy, un centre de formation français où des jeunes du monde entier viennent se former. Mais Jomo a aussi un secret, une honte qui le ronge, il ne sait ni lire ni écrire. Quand son coach l'apprend, il convainc Jomo d'intégrer un cours d'alphabétisation.
Là-bas, le jeune homme est le seul garçon, entouré de femmes venant du monde entier et aux histoires bien différentes. A leur contact, il va changer, s'épanouir et rencontrer Rosa-Rose, la fille de la prof..."
Accidentally Amy;Accidentally Amy;Painter Lynn;Roman;Adulte;Romance;Contemporain;Berkley Books;;2025;352;Anglaise;;15,8;17/12/2025 17:12;17/12/2025 17:12;Livre papier;978-0593817087;"Isabella Shay is usually a very honest person.

But when she’s running late for her first day at a dream job and the barista yells for “Amy” 3x with no answer, she does the unthinkable.

Izzy takes that PSL.

It’s the exact drink she ordered and paid for, only waaaay further ahead in the line, so she mutters “I’m Amy” and grabs the cup.

But when she turns around and runs directly into the most attractive man she’s ever seen, spilling the drink all over his GQ shirt and tie, she ends up having the ultimate meet-cute. Sparks fly and things feel beyond promising until he says the words, “See you tomorrow, Amy.”

Uh, oh – she’ll definitely have to straighten him out the following day.

Only when she gets to her new office and meets the VP of her department, it is none other than Blake Phillips - the hottie from Starbucks. And the man might’ve been charming to “Amy,” but he is an arrogant grump to Izzy, an arrogant grump who dos not find her explanation funny at all."
Affronter la nuit, tome 1 : La Légion d'Oria;;Reppelin Marie;Roman;Young Adult;Fantasy;;Pocket;;2025;400;Française;;16;;12/04/2025 20:32;Livre papier;9,78E+12;"La Déesse l'appelle... son destin l'attend.
Dans un monde où le soleil ne se couche qu'une fois par an, la Déesse Oria use d'un rayon magique pour révéler les rares Élus à qui elle insuffle son pouvoir. Ils forment la Légion et développent des dons puissants qu'ils apprennent à maîtriser au sein de l'Académie. Ils ont pour mission de défendre le pays contre les dragons. Si être touché par la Déesse représente un grand honneur... cela expose à de graves dangers.

Lorsque Liv Aubrey est désignée par Oria, elle rejoint l'Académie. Entraînement physique intense, leçons périlleuses...
sans compter l'étrange attirance qu'elle ressent pour Rylen Al'Sol, le Capitaine et formateur des nouveaux arrivants : Liv a beaucoup de choses à assimiler si elle espère survivre. Tout se complique quand elle commence à remettre en question l'enseignement reçu et la mission même…"
Again Again;Again Again;Lockhart E.;Roman;Adulte;Contemporain;Romance;Hot Key Books;;2020;320;Anglaise;;15,5;;29/10/2021 21:37;Livre papier;9,78E+12;"In this novel full of surprises from the New York Times bestselling author of We Were Liars and Genuine Fraud, E. Lockhart ups the ante with an inventive and romantic story about human connection, forgiveness, self-discovery, and possibility.

If you could live your life again, what would you do differently?

After a near-fatal family catastrophe and an unexpected romantic upheaval, Adelaide Buchwald finds herself catapulted into a summer of wild possibility, during which she will fall in and out of love a thousand times—while finally confronting the secrets she keeps, her ideas about love, and the weird grandiosity of the human mind.

A raw, funny story that will surprise you over and over, Again Again gives us an indelible heroine grappling with the terrible and wonderful problem of loving other people."
Âge tendre;;Beauvais Clémentine;Roman;Adolescence;Contemporain;;Sarbacane;;2020;378;Française;;17,3;;11/04/2024 18:42;Livre papier;9,78E+12;La présidente de la République ayant décidé que tout élève doit accomplir une année de service civique entre sa troisième et sa seconde, Valentin a posé ses voeux. Malheureusement pour lui, ils n'ont pas été respectés et l'adolescent est envoyé dans un centre pour personnes âgées atteintes d'Alzheimer, situé dans le Pas-de-Calais, conçu pour ressembler à un village des années 1960.
Alex, peut-être...;Alex, Approximately;Bennett Jenn;Roman;Young Adult;Romance;;"Simon &amp; Schuster";;2017;400;Anglaise;;16,2;;20/05/2024 20:16;Livre papier;;"Fan absolue de cinéma, Bailey Ridell a passé son année de lycée à discuter en ligne ave Alex, un geek également passionné des salles obscures. Et peut-être aussi à craquer un peu pour lui... Mais alors qu'elle s'apprête à le rencontrer, elle commence à paniquer. Et si c'était un pervers qui se cachait derrière son écran ? Ou tout simplement une déception dans la vraie vie ?
Dans le petit musée local où elle s'est dégoté un boulot pour l'été, elle se rapproche de Porter, un mystérieux surfer un brin impertinent. Mais avant de décider avec qui elle pourrait partager une belle histoire, Bailey veut découvrir qui est Alex. Elle va donc remonter sa piste pour le retrouver. Tandis que la vérité se dévoile, Bailey devra assumer celle qu'elle est vraiment et faire un choix. Alex, peut-être ?
"
Alice au Pays des Merveilles, De l'autre côté du miroir / Tout Alice / Alice au Pays des Merveilles suivi de La traversée du miroir;Alice in wonderland & Through the Looking-Glass, and What Alice Found There;Carroll Lewis;Roman;Adulte;Classique;Conte;Flammarion;;2016;328;Française;;15,4;;02/08/2021 14:27;Livre papier;9,78E+12;"Contient Alice au pays des merveilles et De l'autre côté du miroir

"" Quand le Lapin sortit une montre de son gousset, la regarda et reprit sa course, Alice se leva d'un bond car, en un éclair, elle réalisa qu'elle n'avait jamais vu un lapin avec un gousset et une montre à en sortir. Dévorée de curiosité, elle le suivit à travers champs, et eut juste le temps de le voir s'engouffrer dans un vaste terrier sous la haie. "" Pourquoi Alice s'étonnerait-elle alors de rencontrer chemin faisant une Reine de Cœur, un Griffon, un Chapelier, un Lièvre de Mars ou de prendre le thé chez les fous ? C'est au pays des merveilles que l'a entraînée le lapin blanc, un pays où elle ne cesse de changer de taille, et où tout peut arriver. Un pays que Lewis Carroll met en scène avec une rigueur impeccable dans la loufoquerie. Loin de la mièvrerie du conte enfantin, cette nouvelle traduction restitue au texte anglais toute sa verdeur mathématique.

Et si Alice entrait dans la maison du Miroir, cette fois-ci ? A peine en a-t-elle l'idée que la glace se brouille et que la jeune fille plonge dedans. Une nouvelle galerie de personnages inattendus défile alors, comme de lointains cousins du pays des merveilles : Reine Rouge et Reine Blanche, Gros Coco, Blanc Bonnet et Bonnet Blanc..."
Aliénor Mandragore, tome 1 : Merlin est mort, vive Merlin !;;Gauthier Séverine et Labourot Thomas;Bande-dessinée;Adulte;Fantasy;;Rue de Sèvres;;2015;60;Française;;15,9;;28/02/2017 23:12;Livre papier;;"« La légende dit qu’au moment où l’on déterre une racine de mandragore,
elle pousse un cri si puissant qu’il tue le premier être vivant qui l’entend. »

Dans la paisible forêt de Brocéliande, la jeune Aliénor suit l'enseignement druidique de son père Merlin, jusqu'au jour où l'enchanteur est tué, terrassé par le terrible cri d'une racine de mandragore. Mais Merlin n'entend pas rester mort bien longtemps. Aliénor pourra-t-elle le tirer d'affaire ?"
Allah n'est pas obligé;;Kourouma Ahmadou;Roman;Adulte;Drame;;Points;;2021;240;Française;;14;;02/08/2021 14:12;Livre papier;9,78E+12;Birahima, le narrateur de ce roman, a une douzaine d'années et il retrace son itinéraire d'enfant-soldat de l'Afrique contemporaine, entre le Liberia et la Sierra Leone. Orphelin, jeté sur les routes en compagnie d'un marabout mi-philosophe mi-escroc, Birahima se fait enrôler dans une bande de pillards. Kalachnikov en bandoulière, pour gagner sa solde, il va bientôt participer aux pires exactions. 'Allah n'est pas obligé d'être juste dans toutes les choses qu'il a créées ici-bas.' Telle est la maxime favorite du jeune Birahima pour justifier l'avalanche de malheurs qui s'est abattue sur lui depuis sa naissance. 
Alma (De Fombelle), tome 1 : Le vent se lève;;Fombelle Timothée de;Roman;Adolescence;Aventure;;Gallimard ;;2020;389;Française;;16,7;;23/06/2022 19:32;Livre papier;9,78E+12;1786. Quittant la vallée d'Afrique qui la protégeait du reste du monde, Alma, 13 ans, part seule à la recherche de son petit frère disparu. Pendant ce temps, à La Rochelle, le jeune Joseph Mars embarque clandestinement sur La Douce Amélie, l'imposant navire de traite du cruel capitaine Gardel. Il est en quête d'un immense trésor, mais c'est Alma qu'il va découvrir...
Alma (De Fombelle), tome 2 : L'enchanteuse;;Fombelle Timothée de;Roman;Adolescence;Aventure;;Gallimard ;;2021;432;Française;;16,8;;23/06/2022 19:32;Livre papier;9,78E+12;Printemps 1787. Un jour de tempête, Alma est jetée avec le jeune Joseph Mars au milieu des pirates d'une petite île des Caraïbes. Elle se laisse aussitôt entraîner vers Saint-Domingue à la poursuite du navire La Douce Amélie et de son introuvable trésor. Mais l'urgence de retrouver son petit frère, Lam, éloigne vite Alma de ces vies de chercheurs d'or et l'embarque à nouveau à travers les mers et les continents. En se séparant, les chemins de Joseph et Alma leur révèlent tout ce qui les unit.
Alma (De Fombelle), tome 3 : La liberté;;Fombelle Timothée de;Roman;Adolescence;Aventure;;Gallimard ;;2024;469;Française;;16,8;;31/05/2024 16:13;Livre papier;9,78E+12;1789. Alors que Paris bouillonne dans la chaleur de juillet, Alma et Joseph sont happés par la tornade de la Révolution. Mais Alma doit regagner la Louisiane où son petit frère a été vendu, et Joseph ne lâche pas la trace de son trésor. D'une rive à l'autre de l'Atlantique, à Versailles, Londres ou New York, du soulèvement de la France à celui des esclaves de Saint-Domingue... le grand combat de la liberté avance. Et le lien se resserre entre Alma et Joseph à mesure que les dangers se dressent autour d'eux.
Alors voilà : Les 1001 vies des urgences;;Beaulieu Baptiste;Roman;Adulte;Histoire vraie;;Le Livre de Poche;;2019;299;Française;;16,1;;14/04/2024 22:16;Livre papier;9,78E+12;Un jeune couple arrive aux urgences. Elle a des douleurs au bas-ventre. L'interne s'interroge sur la possibilité d une grossesse. Elle ne prend pas sa pilule de manière très sérieuse. « Du coup, quand elle l'oublie, c'est moi qui la prends », dit son compagnon. Baptiste Beaulieu est un jeune interne en médecine de vingt-sept ans, en stage dans le sud-ouest de la France. En novembre 2012, il crée le blog « Alors voilà ». Son but : réconcilier les soignants et les soignés en racontant, avec humour et sensibilité, l'incroyable réalité de l'hôpital. Le succès est immédiat et le blog compte, à ce jour, 2 millions de lecteurs. Ce blog est devenu un livre, riche en anecdotes inédites. Voilà le récit au quotidien d'un interne en médecine. Il fait des allers-retours entre son poste aux urgences et les soins palliatifs. Là, pendant sept jours, il décrit à une patiente en stade terminal (dans la Chambre 7), ce qui se passe sous les blouses et dans les couloirs. Pour la garder en vie le temps que son fils, bloqué dans un aéroport, puisse la rejoindre. Se nourrissant de situations vécues par lui ou par ses collègues, chirurgiens ou aides-soignants, Baptiste Beaulieu passe l'hôpital au scanner. Il peint les chefs autoritaires, les infirmières au grand coeur, les internes gaffeurs, les consultations qui s'enchaînent... Par ses histoires drolatiques, poignantes et tragiques, il restitue tout le petit théâtre de la Comédie humaine.
Angie !, tome 1;;Murail Marie-Aude et Murail Lorris;Roman;Adolescence;Policier;;L'École des loisirs;;2021;443;Française;;15,7;;17/06/2024 22:48;Livre papier;9,78E+12;Le Havre, son port, ses docks et ses trafics en tous genres. Y a t-il un lien entre la cocaïne découverte dans le container d'un négociant de café et la disparition d'un jeune docker aux mains tatouées ? Le capitaine de police Augustin Maupetit en est persuadé. Mais comment pourrait-il enquêter alors qu'il est cloué en fauteuil roulant et cloîtré dans son appartement ? Le policier teigneux va devoir compter sur son entourage. Sa voisine de palier, Angie Tourniquet, 12 ans, se révèle une parfaite coéquipière. Il y aussi Thérèse, la tante médium qui joue du pendule comme personne, Capitaine, un chien renifleur dont la tête a été mise à prix par les narcotrafiquants, Alice Verne, la jeune commissaire. A eux les jambes, à Augustin la tête. Mais voilà qu'un drôle de virus venu de Chine se répand dans le pays, le président Macron s'apprête à faire une allocution télévisée. On parle d'un grand confinement... Comment mener l'enquête au temps du Covid ?
Anna et le french kiss;Anna and the French Kiss;Perkins Stephanie;Roman;Adolescence;Romance;Contemporain;Usborne;;2014;401;Anglaise;;16,7;;09/07/2022 22:34;Livre papier;;"Anna avait prévu de passer son année de terminale chez elle, à Atlanta, avec ses copines, son récent petit copain et son job au cinéma d'art et essai de la ville. Mais ses parents ont décidé qu'elle devait voyager et l'ont envoyée pour un an au lycée américain de Paris.
Fraîchement débarquée en France, Anna, réservée, maladroite et ne parlant pas un mot de français, se sent complètement perdue. Et quand elle tombe sous le charme d'Étienne, un jeune franco-américain totalement craquant, c'est la panique… D'autant plus que celui-ci a déjà une petite amie.
Un instant tentée de se replier sur elle-même, Anna ne pourra rester longtemps insensible à la vie autour d'elle. Sa gourmandise, sa curiosité et sa générosité l'emportant sur sa timidité, elle devra faire face au bel Étienne, quels que soient les sentiments que ce dernier éprouve pour elle…"
Annie au milieu;;Chazerand Émilie;Roman;Adolescence;Contemporain;;Sarbacane;;2021;302;Française;;17,4;;03/08/2024 10:35;Livre papier;9,78E+12;"Velma et Harold sont le frère et la sœur d’Annie.
Annie est « différente ». C’est comme ça que les gens polis disent. Elle a un chromosome en plus. Et de la gentillesse, de la fantaisie, de l’amour en plus, aussi. Elle a un travail, des amis et une passion : les majorettes.
Et Annie est très heureuse parce que, pour la première fois, sa troupe aura l’honneur de défiler lors de la fête du printemps de la ville.
Mais voilà, l’entraîneuse ne veut pas d’elle pour cet événement : elle n’est pas au niveau, elle est dodue… Bref : elle est « différente ».
C’est bête et méchant. Ça mord Annie et les siens, presque plus. Alors, qu’à cela ne tienne : Annie défilera, avec son équipe brinquebalante, un peu nulle mais flamboyante.
Ses majorettes un peu barjo. Ses barjorettes, quoi."
Antonin;;Bosco Henri;Roman;Adulte;Contemporain;;Folio ;;1992;416;Française;;14;;19/03/2016 17:34;Livre papier;9,78E+12;"Il a huit ans, l'âge de raison, mais encore l'âge des songes. Ses parents, obligés à de longues absences, le confient à des étrangers, qui demeurent très loin de sa maison des champs, dans une banlieue d'Avignon, banlieue sans grâce ; mais il y a une grâce pour les enfants et les jeux de leurs rêveries.Antonin est d'abord, un temps, en pension, chez les Bénichat. Ce sont de pauvres gens. Le mari, bon colosse, est chef de train. Il emmène souvent Antonin en promenade. Il lui fait faire un réveillon de neige, en pleine campagne, dans la baraque de son ami l'aiguilleur, cependant que grondent, tout près, les rapides de nuit, merveilleux et terribles.Antonin aura d'autres joies et aussi des peines. Il découvrira, puis perdra, la tendre et mystérieuse Marie.Antonin apprendra à connaître ce qu'on peut connaître à son âge, des hommes, des arbres, des oiseaux, du ciel - et aussi de la vie et de la mort.Antonin est l'œuvre d'amour d'un grand écrivain, d'un magicien aussi, dont la magie reste invisible."
Après elle;;Bois Ariane;Roman;Adulte;Contemporain;;Récamier;;2024;260;Française;;17,4;;23/04/2025 21:03;Livre papier;9,78E+12;"C'est l'histoire d'une famille pour qui rien ne sera plus jamais pareil.
Ariane Bois s'intéresse ici aux féminicides vécus du côté des enfants. Victimes silencieuses et invisibles, confrontées au pire.


Clotilde - soeur, fille, mère - a été violemment agressée dans son appartement à Marseille. Et à l'hôpital, la vérité, sidérante, éclate : c'est Bruno, le mari amoureux, le père attentif, qui a porté les coups. Jusqu'à tuer. Qu'ont-ils tous manqué de voir sous l'apparence du couple aux sourires si lisses ? Auraient-ils pu la sauver, empêcher le drame ?"
Archives de l'Exode;Record of a Spaceborn Few;Chambers Becky;Roman;Adulte;Science-Fiction;;L'Atalante;;2023;368;Française;;16,9;;25/04/2024 09:52;Livre papier;9,79E+12;"La Flotte d’exode est un trésor vieillissant, témoin de la volonté humaine de disséminer ses enfants et sa culture à travers les étoiles. Singulière au sein de la communauté galactique, peu la rejoignent et beaucoup la quittent. Dans les couloirs de ces vaisseaux naissent, vivent et meurent les spatiaux.
Une ethnologue à tentacules, un homme rêvant d’intégrer la Flotte, un adolescent de s’en aller, une archiviste vieillissante qui a connu l’époque où les Humains étaient des parias, une soignante affectée aux soins des morts, et Tessa, sœur d’Ashby, le capitaine humaniste de L’Espace d’un an.
Autant de voix qui, humaines ou non, nous racontent le sentiment d’appartenance à un groupe, le besoin central de trouver une place, dans la galaxie ou dans les cœurs. Des gens ordinaires ; des vies ordinaires : uniques et précieuses."
Artemis Fowl, tome 6 : Le Paradoxe du temps;The Time Paradox;Colfer Eoin;Roman;Adolescence;Fantasy;;Folio ;Junior;2010;470;Française;;16,7;;25/02/2024 00:14;Livre papier;2070623033;Trous, gobelins, fées maléfiques... Artemis croit avoir déjà affronté les plus grands dangers. Mais sa mère tombe gravement malade. Pour trouver l'antidote qui la sauvera. il lui faut remonter le temps... Dans ce voyage d'un péril extrême. Artemis rencontre son pire ennemi. Et son pire ennemi, c'est lui ! Captivant, drôle, étourdissant, le sixième volume des aventures d'Artemis Fowl démontre une fois de plus l'extraordinaire talent d'Eoin Colfer !
Artemis Fowl, tome 7 : Le Complexe d'Atlantis;Artemis Fowl and the Atlantis Complex;Colfer Eoin;Roman;Adolescence;Fantasy;;Folio ;Junior;2012;445;Française;;15,5;;02/03/2024 13:19;Livre papier;2070637026;"Pour célébrer dignement ses quinze ans, Artemis Fowl réunit les représentants du peuple des fées : il a un plan pour sauver la planète du réchauffement climatique. Trop gentil pour être vrai, se disent Foaly et Holly Short. Ce qui les inquiète davantage, c’est Artemis. Superstitieux et paranoïaque, leur ami serait-il atteint du complexe d’Atlantis? Et voilà qu’Artemis développe une toute nouvelle personnalité où l’on peine à reconnaître le jeune criminel et prodige; une vraie catastrophe au moment où des robots surgis de nulle part attaquent la cité d’Atlantis et menacent d’anéantir des milliers de vies. Bientôt rejoints par Butler, Juliet et Mulch, Artemis et ses amis partent affronter les neiges d’Islande, les eaux glaciales de l’Océan, des criminels en fuite et une pieuvre géante…Mais comment vaincre ses ennemis quand il faut déjà se battre contre soi-même ?"
Artemis Fowl, tome 8 : Le dernier gardien;Artemis Fowl and the last guardian;Colfer Eoin;Roman;Adolescence;Fantasy;;Folio ;;2014;419;Française;;15,8;;26/02/2024 21:10;Livre papier;9,78E+12;Opale Koboï, l'ennemie irréductible d'Artemis, entreprend son oeuvre la plus maléfique, détruire l'humanité pour s'autoproclamer reine des fées. Pour y parvenir, elle va libérer une armée de guerriers enterrés sous le domaine des Fowl il y a plus de dix mille mille ans et leur faire prendre possession de tous les être vivants qui les entourent. Et même... des petits frères d'Artemis, Myles et Beckett Fowl.
Assistant to the Villain, tome 1;Assistant to the Villain, book 1;Maehrer Hannah Nicole;Roman;Adulte;Fantasy;Romance;Penguin Books;;2023;352;Anglaise;;17;;20/10/2024 14:25;Livre papier;9,78E+12;Avec une famille à charge, avoir un job pour Evie Sage n'est pas seulement important, c'est vital. Aussi, lorsqu'une mésaventure avec le plus célèbre Vilain de Rennedawn se solde par une offre d'emploi, elle accepte. Aucun travail n'est parfait, bien sûr, et Evie commence à s'habituer aux têtes coupées et autres globes oculaires jonchant le sol... Après tout, une bonne situation est difficile à trouver. Mais bientôt, elle soupçonne un sabotage. Quelqu'un veut éliminer son Vilain. Saura-t-elle découvrir le coupable tout en luttant contre un petit béguin naissant pour son terrifiant, capricieux - et incontestablement sexy - patron ?
Astréa;;Brocas Alexis;Roman;Adolescence;Science-Fiction;;Sarbacane;;2023;438;Française;;16,4;;26/11/2024 17:25;Livre papier;9,79E+12;"Une aventure galactique hors-norme, explosive et inventive, qui vous mettra la tête à l’envers.

C’est l’histoire d’Astréa, née sur une planète aire-d’autoroute au ciel grillagé de fer, aux confins de l’Empire, là où les vies ne valent rien et les horizons sont bouchés. Astréa, c’est la petite fille sage qui se satisfait de son sort, n’en demande pas davantage. Sauf qu’elle est rêveuse. Et qu’elle est douée.
Repérée par une Génésiarque de passage au bar de son père sur la station orbitale, voilà Astréa propulsée dans une trajectoire d’avenir inespéré. Mais à trop s’approcher du soleil, il se pourrait bien qu’elle se brûle les ailes…

Complots, espionnage, trahisons, combien d’embûches peut-on traverser à vitesse supraluminique avant que des débris nous reviennent dans la figure ? Et, dans le fond des choses… l’Empire vaut-il vraiment qu’on se sacrifie pour lui ?"
Atalante, tome 1 : La naissance d'une guerrière;;Lambert Cassandre;Roman;Adolescence;Mythe/Mythologie;;Didier Jeunesse;;2024;352;Française;;16,3;;08/12/2024 19:21;Livre papier;9,78E+12;"Dans une Grèce antique où l’héroïsme se conjugue au masculin, Atalante est une exception bénie des dieux. Nul ne peut rivaliser avec sa détermination, sa rapidité et sa grâce. Elle compte intégrer le clan des Amazones, ces guerrières intrépides qui ne plient devant personne. Qu’importe de devoir réussir là où tous ont échoué.
L’archère aux mille talents a pourtant une faiblesse : Asclépios. L’agaçant fils d’Apollon est la seule personne sur qui elle peut compter. Mais les oracles l’ont mise en garde : elle ne doit jamais tomber amoureuse, ou ses sentiments signeront sa perte.
Si pour atteindre son objectif, elle doit se battre jusqu’à la mort, c’est la mort qui cèdera."
Au Bonheur des Dames;;Zola Émile;Roman;Adulte;Classique;;Le Livre de Poche;;2018;543;Française;;16,1;;15/06/2022 14:44;Livre papier;9,78E+12;Fin du XIXe siècle, les grands magasins révolutionnent le commerce. Originaire de Normandie, Denise Baudu y est vendeuse sous les ordres du directeur Octave Mouret, qu'elle s'emploie à convertir à l'amour.
Au nom de Chris ;;Desmarteau Claudine;Roman;Adolescence;Thriller;;Gallimard ;;2023;333;Française;;14,3;;19/12/2023 00:03;Livre papier;9,78E+12;"Adrien vit avec une mère célibataire qui le surprotège. Solitaire et angoissé, il est victime de harcèlement au collège. Une nuit dans la forêt, Adrien rencontre Chris, un personnage énigmatique. 

Impressionné par son esprit fort et marginal, Adrien lui accorde toute sa confiance. L'emprise s'installe. Qui est vraiment Chris ? Jusqu'où Adrien le suivra-t-il ?
"
Au nom de tous les miens;;Gray Martin;Roman;Adulte;Histoire vraie;;Pocket;;2004;377;Française;;17,2;;26/06/2023 20:27;Livre papier;9,78E+12;"De la guerre, le petit Martin connaîtra tout : les privations, les humiliations, la peur durant le temps passé au ghetto de Varsovie, l'horreur absolue des camps nazis à Treblinka, la fureur de vivre quand il s'en échappera caché sous un camion, l'abattement et aussi le suprême courage quand il apprendra qu'il a perdu tous les siens...

Et puisqu'il faut bien vivre, il s'engagera ensuite dans l'Armée rouge, puis partira aux Etats-Unis... Enfin la paix reviendra. Martin reconstruit alors sa vie et rencontre le grand amour en la personne de Dina.
C'est dans le sud de la France, par une journée d'été éclatante, que le destin le blessera à nouveau - à mort - en décimant ceux qui lui sont le plus chers."
Au royaume des menteurs;;Burkart Kiersi;Roman;Adolescence;Contemporain;;Fleurus;;2019;442;Française;;15,3;;17/07/2019 15:35;Livre papier;9,78E+12;"Sam est aux anges : elle vient d'obtenir une bourse pour intégrer la prestigieuse Académie Edouard. Très vite, Sam se lie d'amitié avec Gracie, sa camarade de chambrée, et tombe sous le charme du riche et beau Scully.
Mais, derrière le faste et les jolies dorures, se cache une réalité bien plus noire, et Sam déchante rapidement... alors qu'elle se refuse à Scully, ce dernier la viole sans états d'âme.
La jeune fille, bouleversée mais résolue à ne pas laisser le jeune homme impuni, ose poursuivre en justice son agresseur. Mais briser la loi du silence n'est pas si facile...
Au lycée, personne ne la croit. Tous prennent la défense du ""pauvre Scully"
Audrey retrouvée;Finding Audrey;Kinsella Sophie;Roman;Adolescence;Contemporain;;Doubleday;;2015;288;Anglaise;;15,9;;11/04/2024 18:49;Livre papier;;"Audrey a 14 ans. Elle souffre de troubles anxieux. Elle vit cachée derrière ses lunettes noires, recluse dans la maison de ses parents à Londres. 
Ça, c'était avant. 
Avant que Dr Sarah, son psychiatre, lui demande de tourner un film sur sa famille, pour voir la vie 
d'un oeil nouveau : celui de la caméra. 
Avant que Linus, un copain de son frère, débarque. Avec son grand sourire et ses drôles de petits mots griffonnés sur le coin d'une feuille, il va pousser Audrey à sortir. Et à redécouvrir le monde..."
Aurore;;Nietzsche Friedrich;Essai;Adulte;Philosophie;;Flammarion;;2012;418;Française;;20;;25/06/2022 18:07;Livre papier;;Dans Aurore (1881), Nietzsche poursuit l’entreprise de critique radicale de la morale commencée dans Humain, trop humain, et pose ainsi les jalons d’un projet philosophique dont ses dernières œuvres, de Par-delà bien et mal à Ecce homo, seront le couronnement. Le philosophe s’impose ici comme un travailleur des ténèbres, forant le fond de la civilisation pour mettre au jour les origines plus ou moins nobles des idéaux, des croyances et des mœurs, saper les fondements de la morale et faire vaciller nos certitudes. Prônant la libération de la pensée, il en appelle à l’affirmation de nouvelles valeurs. Et il nous montre, à travers cette série de fragments placés sous le signe de la belle humeur, que l’étonnement et le scepticisme sont au principe de toute philosophie : « Un livre comme celui-ci n’est pas fait pour être lu d’un seul tenant ou à voix haute, mais pour être consulté, notamment en promenade ou en voyage. On doit pouvoir sans cesse y mettre le nez, puis le relever, et ne plus rien trouver d’habituel autour de soi. »
Aussi riche que le roi;;Assor Abigail;Roman;Adulte;Contemporain;;Folio ;;2023;258;Française;;16;;11/04/2025 21:44;Livre papier;9,78E+12;"« Il y avait l’odeur des brochettes, les gars des tables Coca-Cola qui la sifflaient : t’es belle petite, le bruit sur le terrain d’en face avec les chants du Raja, l’équipe de foot de Casa ; il y avait le vent frais de janvier, le tintement des canettes qui s’entrechoquaient, les insultes, les crachats ; et il y avait Driss, là, sur le côté. Elle le voyait, géant sur ses jambes courtes, une main tranquille sur l’épaule du flic, et l’autre fouillant sa poche pour lui glisser un petit billet de cent, sa bouche lançant quelques blagues entendues, un clin d’œil de temps en temps ; et le flic en face souriait, attrapait le billet, donnait à Driss une tape dans le dos, allez, prends une merguez, Sidi, ça me fait plaisir. Driss, le géant au milieu des pauvres, Driss le géant qu’elle venait d’embrasser, pensait Sarah ; avec son fric, il n’y aurait plus jamais de flic, plus jamais de lois — ce serait eux deux, la loi. »"
Autant en emporte le vent, intégrale;Gone with the Wind;Mitchell Margaret;Roman;Adulte;Classique;;Gallimard ;Quarto;2003;1232;Française;;18,1;;23/10/2021 22:41;Livre papier;;En Georgie, en 1861, Scarlett O'Hara est une jeune femme fière et volontaire de la haute société sudiste. Courtisée par tous les bons partis du pays, elle n'a d'yeux que pour Ashley Wilkes malgré ses fiançailles avec sa douce et timide cousine, Melanie Hamilton. Scarlett est pourtant bien décidée à le faire changer d'avis, mais à la réception des Douze Chênes c'est du cynique Rhett Butler qu'elle retient l'attention. C'est alors que la guerre de Sécession éclate bouleversant leurs vies à jamais...
Autoboyographie;Autoboyography;Lauren Christina;Roman;Young Adult;Romance;Contemporain;"Simon &amp; Schuster";;2017;404;Anglaise;;16,8;;20/07/2022 19:28;Livre papier;;"Lorsque la famille de Tanner Scott quitte la Californie pour le plus traditionnel État de l'Utah, le jeune homme se rend à l'évidence : il va falloir rentrer dans le placard à nouveau. Après tout, il ne lui reste plus qu'un semestre à tirer avant la liberté (comprendre : fuir ce patelin dès que possible). C'est alors que sa meilleure amie Autumn lui lance un défi : le prestigieux Séminaire de Provo High. Un programme où les étudiants ont quatre mois pour rédiger un roman. Challenge accepté ! Et Tanner ne regrette pas son choix. Il ne lui a fallu que quelques secondes pour repérer Sebastian Brother, le petit prodige – et accessoirement mormon – qui a remporté le Séminaire haut la main l'année passée... Et quelques semaines pour tomber éperdument amoureux de lui...
"
Autopsie, tome 1 : Whitechapel;Stalking Jack The Ripper, book 1;Maniscalco Kerri;Roman;Adulte;Horreur;Historique;Little, Brown Book;;2016;336;Anglaise;;15,9;;02/10/2024 07:03;Livre papier;9,78E+12;1888, quartier Est de Londres. Depuis quelque temps, des meurtres sanglants et horribles touchent les femmes de petite vertu de Whitechapel. Une jeune femme, de bonne famille, en avance sur son temps, enquête au côté de son oncle, médecin légiste.
Autopsie, tome 2;Hunting Prince Dracula;Maniscalco Kerri;Roman;Adulte;Horreur;Historique;Little, Brown and Company;;2017;434;Anglaise;;17,1;;02/10/2024 07:03;Livre papier;;Bizarre murders are discovered in the castle of Prince Vlad the Impaler, otherwise known as Dracula. Could it be a copycat killer... or has the depraved prince been brought back to life?  Following the grief and horror of her discovery of Jack the Ripper's true identity, Audrey Rose Wadsworth has no choice but to flee London and its memories. Together with the arrogant yet charming Thomas Cresswell, she journeys to the dark heart of Romania, home to one of Europe's best schools of forensic medicine...and to another notorious killer, Vlad the Impaler, whose thirst for blood became legend.  But her life's dream is soon tainted by blood-soaked discoveries in the halls of the school's forbidding castle, and Audrey Rose is compelled to investigate the strangely familiar murders. What she finds brings all her terrifying fears to life once again.
Autopsie, tome 3;Escaping from Houdini;Maniscalco Kerri;Roman;Adulte;Horreur;Historique;Grand Central Publishing;;2018;416;Anglaise;;14,1;;02/10/2024 07:03;Livre papier;9,78E+12;"Audrey Rose Wadsworth and her partner-in-crime-investigation, Thomas Cresswell, are en route to New York to help solve another blood-soaked mystery. Embarking on a week-long voyage across the Atlantic on the opulent RMS Etruria, they’re delighted to discover a traveling troupe of circus performers, fortune tellers, and a certain charismatic young escape artist entertaining the first-class passengers nightly.

But then, privileged young women begin to go missing without explanation, and a series of brutal slayings shocks the entire ship. The strange and disturbing influence of the Moonlight Carnival pervades the decks as the murders grow ever more freakish, with nowhere to escape except the unforgiving sea. It’s up to Audrey Rose and Thomas to piece together the gruesome investigation as even more passengers die before reaching their destination. But with clues to the next victim pointing to someone she loves, can Audrey Rose unravel the mystery before the killer’s horrifying finale?"
Autopsie, tome 4;Capturing the Devil;Maniscalco Kerri;Roman;Adulte;Horreur;Historique;Little, Brown and Company;;2019;448;Anglaise;;16,4;;02/10/2024 07:03;Livre papier;9,78E+12;"Audrey Rose Wadsworth and Thomas Cresswell have landed in America, a bold, brash land unlike the genteel streets of London. But like London, the city of Chicago hides its dark secrets well. When the two attend the spectacular World's Fair, they find the once-in-a-lifetime event tainted with reports of missing people and unsolved murders.

Determined to help, Audrey Rose and Thomas begin their investigations, only to find themselves facing a serial killer unlike any they've encountered before. Identifying him is one thing, but capturing him---and getting dangerously lost in the infamous Murder Hotel he constructed as a terrifying torture device---is another.

Will Audrey Rose and Thomas see their last mystery to the end---together and in love---or will their fortunes finally run out when their most depraved adversary makes one final, devastating kill?"
Avalon bay, tome 1 : Good Girl Complex;Good Girl Complex;Kennedy Elle;Roman;Adulte;Romance;;St. Martin's Press;;2022;368;Anglaise;;14,4;;21/03/2024 23:38;Livre papier;9,78E+12;"Cette nouvelle série se déroule dans une ville universitaire de Caroline du Sud, située au bord de la mer. 

Mackenzie «Mac» Cabot, 20 ans, est la fille d’un politicien. Bien que sa famille soit très fortunée, elle a, de son côté, gagné aussi beaucoup d’argent avec une application qu’elle a lancée pour les millénniaux et les jeunes de la génération Z. Elle passe un accord avec sa famille pour pouvoir prendre une année sabbatique afin de développer son entreprise, mais elle devra intégrer le Garnet College à la fin de cette année. Elle a un petit ami, Preston, que ses parents adorent. 

Cooper Hartley, la moitié des jumeaux Hartley, a toujours vécu autour de Garnet College où ils croisent touristes et étudiants. Sans famille, Cooper ne peut compter que sur lui-même et sur son frère jumeau, Evan. Après une violente altercation avec Preston au bar local, qui s’est soldée par son licenciement, Cooper est déterminé à se venger. Il va courtiser la petite amie de Preston, Mackenzie."
Aventure sans pareille d'un certain Hans Pfaall;;Poe Edgar Allan;Nouvelle(s)/Novella(s);Adulte;Fantastique;;Folio ;;2003;94;Française;;10,6;;26/06/2023 20:22;Livre papier;2070429725;Le bourgmestre de Rotterdam, Mynheer Superbus Von Underduk, reçoit un jour une bien étrange lettre tombée du ciel. Il s'agit d'un message de Hans Pfaall, un escroc qui, pour ne pas payer ses dettes, a posé une bombe chez ses créanciers avant de s'enfuir en montgolfière vers la Lune !
Azul;;Da Silva Antonio;Roman;Adolescence;Fantastique;;du Rouergue;;2021;288;Française;;15,9;;17/08/2024 11:02;Livre papier;9,78E+12;Et s'il était possible d'entrer dans les tableaux ? De ne plus faire qu'un avec eux ? D'avoir la possibilité d'y évoluer et d'y rencontrer d'autres personnes ? Et même y tomber amoureux... Miguel a ce pouvoir Et ce qu'il adore, c'est apporter des légères améliorations aux œuvres des plus grands maîtres Mais ce jeu peut s'avérer dangereux surtout lorsque l'on attire l'attention de la Protection des Œuvres dont les méthodes sont expéditives Un jeu qui va se transformer en chasse à l'homme...
B comme book boyfriend;;Florie Marie F.;Roman;Young Adult;Romance;;Hachette;;2024;468;Française;;15,3;;20/11/2024 00:27;Livre papier;9,78E+12;"Norie, pétillante et solaire, s’apprête à faire sa rentrée universitaire avec Penny, sa meilleure amie. Inséparables, elles partagent leur passion commune pour la lecture sur leurs réseaux sociaux.
Joshua entame quant à lui sa deuxième année à la fac, très motivé à poursuivre la carrière scientifique de ses rêves en parallèle de ses matchs de foot. Si Norie et Joshua étaient amis durant leur enfance, leurs centres d’intérêts radicalement opposés ont fini par les éloigner. Cette situation a pourtant toujours peiné Norie, elle qui avait un crush secret pour Joshua.
Tout change quand les deux se croisent sur le campus le jour de l’emménagement des filles, et réalisent qu’ils seront voisins de palier. Prévenant et à l’écoute, Joshua a tout pour plaire à Norie. Encore et toujours, même après ces années passées loin de lui. Mais sera-t-il à la hauteur du book boyfriend dont elle a toujours rêvé ?"
Battlestar Botanica;;Lenoir H.;Roman;Adolescence;Science-Fiction;;Sarbacane;;2023;387;Française;;17,3;;22/04/2025 13:06;Livre papier;9,79E+12;"Futur lointain : le Loquace, vieux vaisseau capricieux, s'est perdu dans l'espace. Fun Fact ! Comme tous les vaisseaux galactiques, il a été volé à une race extra-terrestre ennemie et sa technologie n'est que partiellement maîtrisée par les humains. A son bord ? Kani, 17 ans, la pilote. Et tout un équipage d'humains et extra-terrestres aussi hétéroclite qu'attachant, dont le plus grand talent est de se précipiter la tête la première dans les ennuis galactiques.
Leur dernière idée en date ? Partir à la recherche d'une plante rare et très convoitée... Un peu trop convoitée."
Bel-Ami;;Maupassant Guy de;Roman;Adulte;Classique;;Le Livre de Poche;;1985;416;Française;;15,2;;13/03/2016 11:48;Livre papier;;Georges Duroy, dit Bel-Ami, est un jeune homme au physique avantageux. Le hasard d'une rencontre le met sur la voie de l'ascension sociale. Malgré sa vulgarité et son ignorance, cet arriviste parvient au sommet par l'intermédiaire de ses maîtresses et du journalisme. Cinq héroïnes vont tour à tour l'initier aux mystères du métier, aux secrets de la mondanité et lui assurer la réussite qu'il espère. Dans cette société parisienne en pleine expansion capitaliste et coloniale, que Maupassant dénonce avec force parce qu'il la connaît bien, les femmes éduquent, conseillent, œuvrent dans l'ombre. La presse, la politique, la finance s'entremêlent. Mais derrière les combines politiques et financières, l'érotisme intéressé, la mort est là qui veille, et avec elle, l'angoisse que chacun porte au fond de lui-même.
Berlin pour elles;;de Laforcade Benjamin;Roman;Adulte;Historique;;Gallimard ;;2024;203;Française;;15,2;;30/08/2024 12:16;Livre papier;9,78E+12;À l'est du mur qui sépare Berlin en deux, elles se sont promis de ne jamais se quitter. Hannah et Judith ont six ans quand elles se rencontrent pour la première fois, leur amitié est de celles qui commencent tôt et ne finissent jamais. Elles vivent une enfance heureuse dans un pays qui ne l'est pas. Mais comment préserver ce qu'elles ont de plus cher quand le père de Judith, cadre zélé de la Stasi, préférerait que sa fille s'éloigne de la petite Hannah et de sa mère très critique à l'égard du Parti ? Que se passera-t-il quand Karl, adolescent voyou, trouvera ce que cache son pasteur de père dans les sous-sols de son église ? Et quel rôle jouera Werner, ancien soldat nazi entré en marginalité, maquillant son visage pour attiser encore la fureur de la Stasi ? Sur vingt années traversant l'histoire de la RDA, ces personnages et bien d'autres vont évoluer, grandir, affronter les dangers et défier le pouvoir en place. Certains tenteront de s'évader du paradis socialiste, d'autres seront victimes de son implacable régime. Mais Hannah et Judith lutteront de toutes leurs forces pour protéger leur merveilleuse amitié. Un roman haletant sur fond de totalitarisme, où l'univers des enfants offre de purs moments d'éblouissement.
Between us ;Between us ;McFarlane Mhairi;Roman;Adulte;Contemporain;;HarperCollins;;2023;436;Française;;;30/12/2025 11:35;30/12/2025 11:35;Livre papier;978-0008412494;Résumé non trouvé sur la page Google Books.
Blizzard;;Vingtras Marie;Roman;Adulte;Contemporain;;Points;;2023;190;Française;;15,9;;18/12/2023 23:50;Livre papier;9,78E+12;"Le blizzard fait rage en Alaska. Au coeur de la tempête, un jeune garçon disparaît. Il n'aura fallu que quelques secondes, le temps de refaire ses lacets, pour que Bess lâche la main de l'enfant et le perde de vue. Elle se lance à sa recherche, suivie de près par les rares habitants de ce bout du monde. Une course effrénée contre la mort s'engage alors, où la destinée de chacun, face aux éléments, se dévoile.
Avec ce huis clos en pleine nature, Marie Vingtras, d'une écriture incisive, s'attache à l'intimité de ses personnages et, tout en finesse, révèle les tourments de leur âme."
Blood Family;;Fine Anne;Roman;Adolescence;Contemporain;Drame;L'École des loisirs;;2015;341;Française;;16,1;;24/06/2019 15:21;Livre papier;;"Il revient de loin. Edward. Jusqu'à l'âge de 7 ans, il a vécu enfermé dans l'appartement avec sa mère, sous l'emprise d'un homme alcoolique et violent. Lorsqu'il est délivré de son bourreau, il peut enfin découvrir le monde qui l'entoure. Mais est-il libre pour de bon? 
Recueilli par les services sociaux, puis balloté de famille d'accueil en famille d'adoption. Edward se construit en tentant d'oublier son passé. Mais au fil des années, ce passé le suit pas à pas et ne cesse de se rappeler à lui. La force, le courage et la volonté lui suffiront-ils pour lui échapper?"
Blue Sisters;Blue Sisters;Mellors Coco;Roman;Adulte;Contemporain;;Ballantine Books;;2024;339;Anglaise;;14,9;;29/05/2025 10:39;Livre papier;9,78E+12;"Three estranged siblings return to their family home in New York after their beloved sister's death in this unforgettable story of grief, identity, and the complexities of family.

The three Blue sisters are exceptional—and exceptionally different. Avery, the eldest and a recovering heroin addict turned strait-laced lawyer, lives with her wife in London; Bonnie, a former boxer, works as a bouncer in Los Angeles following a devastating defeat; and Lucky, the youngest, models in Paris while trying to outrun her hard-partying ways. They also had a fourth sister, Nicky, whose unexpected death left Avery, Bonnie, and Lucky reeling. A year later, as they each navigate grief, addiction, and ambition, they find they must return to New York to stop the sale of the apartment they were raised in.

But coming home is never as easy as it seems. As the sisters reckon with the disappointments of their childhood and the loss of the only person who held them together, they realize the greatest secrets they've been keeping might not have been from each other, but from themselves."
Book Lovers;Book Lovers;Henry Emily;Roman;Adulte;Romance;Contemporain;Penguin Books;;2022;384;Anglaise;;16,6;;18/12/2023 19:52;Livre papier;9,78E+12;Redoutable agente littéraire new-yorkaise, Nora Stephens ne vit que pour les livres. Après une énième rupture, sa sœur l’embarque pour un mois à Sunshine Falls. Elle connaît le cliché : la citadine accro au boulot métamorphosée par un séjour dans une jolie petite ville. C’est même devenu un running gag, vu que tous ses ex l’ont larguée en trouvant « la bonne » dans un décor de comédie romantique. Mais au lieu d’un bûcheron sexy, celui qu’elle croise sans arrêt, dans une série de coïncidences digne d’un roman à l’eau de rose, c’est Charlie Lastra, un éditeur taciturne et l’antagoniste de sa vie professionnelle. Elle n’a rien d’une héroïne. Il n’est pas le prince charmant. Pourront-ils écrire leur propre histoire ?
Bordeterre;;Thévenot Julia;Roman;Adolescence;Fantasy;;Sarbacane;;2020;524;Française;;15,7;;18/12/2023 23:19;Livre papier;9,78E+12;Inès, 12 ans, est le genre à castagner ceux qui cherchent des embrouilles à son frère, Tristan, autiste de 16 ans. Tristan lui, est plutôt du genre à regarder des deux côtés avant de traverser. Mais ce jour-là, il ne parvient pas à retenir sa sœur qui, courant après son chien... ... bascule dans un univers parallèle. Bordeterre. C'est le nom de cette ville, perchée sur une faille entre deux plans de réalité. On y croise des gamins qui chantent pour faire tourner un moulin, des châtelains qui pêchent des cailloux... et des créatures étranges. Inès, par nature, est ravie. Elle explore, renifle le derrière de Bordeterre avec une joie souveraine, comme le chien qu'elle a suivi. Tristan est plus inquiet : il y a quelque chose de pourri dans cette ville.
Bras de fer;;Bourgine Jérôme;Roman;Adolescence;Drame;Contemporain;Sarbacane;Exprim\';2012;302;Française;;15,7;;15/02/2025 14:10;Livre papier;2848655348;"De part et d'autre du bras de fer, il y a le fils et le père.
Le fils, Julian. 18 ans, champion de natation et amoureux de Leïla.
Le père, Louis. Ouvrier syndicaliste, mutique, forgé dans l'acier. 
Et puis il y a l'accident de moto. Fini la natation, fini la &quot;vie normale&quot;, fini aussi les bras de fer avec le père. Julian a tout perdu, croit-il.
Tout sauf Leïla."
Bretzel break;;Desard Maëlle;Roman;Young Adult;Contemporain;;Slalom;;2024;292;Française;;17,3;;31/05/2024 16:13;Livre papier;9,78E+12;Victoire a 17 ans et Défaite, la petite voix dans sa tête, passe son temps à la rabaisser. Déformant la réalité, la jeune fille parvient à gagner une certaine popularité sur les réseaux sociaux, mais elle finit par être submergée par ses mensonges. Ses parents l'envoient donc faire les vendanges. Elle réussit à s'ouvrir aux autres et réalise que ceux qui l'entourent souffrent eux aussi.
Bride, tome 1;;Hazelwood Ali;Roman;Adulte;Fantasy;Romance;Sphere;;2024;416;Anglaise;;16,7;;17/06/2024 23:30;Livre papier;9,78E+12;"Une dangereuse alliance entre une jeune vampyre et un loup-garou alpha.

Misery Lark, la fille unique du conseiller vampyre le plus puissant du Sud-Ouest, est une paria... de nouveau. Les jours où elle vivait dans l'anonymat parmi les humains sont désormais derrière elle : on a fait appel à elle pour renforcer une alliance historique afin de maintenir la paix entre les vampyres et leurs ennemis mortels, les loups-garous, et elle n'a guère d'autre choix que d'obéir... une fois de plus.

Les loups-garous sont impitoyables et imprévisibles, et leur alpha, Lowe Moreland, ne fait pas exception. Il dirige sa meute avec une autorité absolue, mais sait faire preuve de justice. Et, contrairement au conseil des vampyres, il sait aussi faire preuve d'empathie. Mais sa manière de la regarder, de suivre le moindre de ses mouvements, montre clairement qu'il n'a aucune confiance en elle. Si seulement il savait à quel point il est dans le vrai...

Car Misery a ses propres raisons d'accepter ce mariage de convenance, des raisons qui n'ont rien à voir avec la politique ou les alliances, et tout à voir avec la seule chose à laquelle elle ait jamais tenu. Et elle est prête à tout pour récupérer ce qui lui appartient, même si cela signifie une vie de solitude en territoire ennemi... seule avec le loup."
Brooklyn;Brooklyn;Tóibín Colm;Roman;Adulte;Drame;;Le Livre de Poche;;2024;376;Française;;15,4;;13/04/2025 17:53;Livre papier;9,78E+12;Enniscorthy, sud-est de l’Irlande, années 1950. Comme de nombreux jeunes de sa génération, Eilis Lacey, diplôme de comptabilité en poche, ne parvient pas à trouver du travail. Par l’entremise d’un prêtre, sa sœur Rose obtient pour elle un emploi aux États-Unis. En poussant sa jeune sœur à partir, Rose se sacrifie : elle sera seule désormais pour s’occuper de leur mère veuve et aura peu de chance de se marier. Terrorisée à l’idée de quitter le cocon familial, mais contrainte de se plier à la décision de Rose, Eilis quitte l’Irlande. À Brooklyn, elle loue une chambre dans une pension de famille irlandaise et commence son existence américaine sous la surveillance insistante de la logeuse et des autres locataires.
Bruno Sachs, tome 3 : Les Trois Médecins;;Winckler Martin;Roman;Adulte;Contemporain;;Folio ;;2006;745;Française;;15,7;;09/03/2022 19:10;Livre papier;9,78E+12;"Un médecin, ça n'a pas toujours été médecin. En 1974 - vingt ans avant 'La maladie de Sachs '-, Bruno Sachs entre à la faculté de médecine de Tourmens. Il se lie d'amitié avec André Solal, Basile Bloom et Christophe Gray, trois étudiants voués à la médecine générale. Au cours de ces sept années de faculté, ils vont apprendre leur métier, mais aussi côtoyer les militants de l'IVG et de la contraception, contester l'enseignement de mandarins hospitaliers, militer pour une médecine plus humaine... Pour devenir médecins - pour devenir des hommes -, Bruno et ses trois camarades devront vivre plusieurs histoires à la fois : l'histoire d'une formation ; l'histoire d'un grand amour ; l'histoire d'un engagement moral et politique ; l'histoire d'une profonde amitié. Des histoires comiques et tragiques. Des histoires où l'on vit pleinement et où, parfois, l'on meurt. Comme dans un roman d'aventures. L'ambition de ce roman polyphonique est non seulement de raconter comment Bruno Sachs est devenu ce qu'il est, mais quel monde, il y a trente ans, a préparé celui que nous connaissons aujourd' hui."
C'est pas ma faute;;Bailly Samantha et Multon Anne-Fleur;Roman;Adolescence;Contemporain;;Pocket;;2022;395;Française;;16;;05/07/2024 08:36;Livre papier;9,78E+12;"Un clic, et la vie de Lolita se retrouve sur YouTube... quel secret cache-t-elle ?

Prudence est la plus grande fan de Lolita, la célèbre youtubeuse. Or un jour, Lolita disparaît des réseaux sociaux. Quel secret dissimule son image si parfaite ?
Entre disparition et enquête, caméras et écrans, mensonges et vérité, Prudence et Lolita dansent un ballet qui pourrait se révéler mortel…"
Ça peut pas rater !;;Legardinier Gilles;Roman;Adulte;Contemporain;;Pocket;;2016;439;Française;;16,3;;26/02/2024 21:14;Livre papier;9,78E+12;"– J'en ai ras le bol des mecs. Vous me gonflez?! J'en ai plus qu'assez de vos sales coups?! C'est votre tour de souffrir?! 
Ma voix résonne dans tout le quartier. Et là, trempée, titubante, épuisée, je prends une décision sur laquelle je jure de ne jamais revenir : je ne vais plus rien leur passer. On remet les compteurs à zéro. On renverse la vapeur. Je vais faire payer ce fumier. Chaque joueur doit vous donner mille baffes. Je vais me venger de tout. Puisque aucun bonheur ne descendra d'un ciel illusoire, je suis prête à aller chercher le peu qui me revient jusqu'au fond des enfers.
La gentille Marie est morte, noyée de chagrin. À présent, c'est la méchante Marie qui est aux commandes. À partir de maintenant, je renvoie les ascenseurs et je rends la monnaie de toutes les pièces. Les chiens de ma chienne sont nés et il y en aura pour tout le monde. La vengeance est un plat qui se mange froid et je suis surgelée. La rage m'étouffe, la haine me consume.

Marie pensait avoir trouvé l’homme de sa vie, jusqu’à ce que son couple implose de façon brutale et scandaleuse. Anéantie, elle décide ne plus faire confiance aux mâles et surtout, ne plus rien leur passer. Ni dans sa vie privée, ni au travail. 
Marie ne croit plus à l’amour, ce mirage source de tous les malheurs des femmes. Mais voilà, Marie a du cœur, une famille, des amies aussi tordues qu’elle et une soif de vivre qui n’a pas fini de la précipiter dans des plans impossibles."
Ça raconte Sarah;;Delabroy-Allard Pauline;Roman;Adulte;Contemporain;;de Minuit;;2018;192;Française;;14,7;;17/08/2024 11:00;Livre papier;9,78E+12;Ça raconte Sarah, sa beauté mystérieuse, son nez cassant de doux rapace, ses yeux comme des cailloux, verts, mais non, pas verts, ses yeux d’une couleur insolite, ses yeux de serpent aux paupières tombantes. Ça raconte Sarah la fougue, Sarah la passion, Sarah le soufre, ça raconte le moment précis où l’allumette craque, le moment précis où le bout de bois devient feu, où l’étincelle illumine la nuit, où du néant jaillit la brûlure. Ce moment précis et minuscule, un basculement d’une seconde à peine. Ça raconte Sarah, de symbole : S.
Cabossé;;Philippon Benoît;Roman;Adulte;Policier;;Le Livre de Poche;;2022;315;Française;;16,9;;11/04/2024 18:41;Livre papier;9,78E+12;"Quand Roy est né, il s'appelait Raymond. C'était à Clermont. Il y a quarante-deux ans. Il avait une sale tronche. Bâti comme un Minotaure, il s'est taillé son chemin dans sa chienne de vie à coups de poing : une vie de boxeur ratée et d'homme de main à peine plus glorieuse. Jusqu'au jour où il rencontre Guillemette, une luciole fêlée qui succombe à son charme, malgré son visage de &quot;tomate écrasée&quot;...  Et jusqu'au soir où il croise Xavier, l'ex jaloux et arrogant de la belle - lequel ne s'en relèvera pas... Roy et Guillemette prennent alors la fuite sur une route sans but. Une cavale jalonnée de révélations noires, de souvenirs amers, d'obstacles sanglants et de rencontres lumineuses."
Ce qu'ils n'ont pas pu nous prendre;Between Shades of Gray;Sepetys Ruta;Roman;Adolescence;Historique;;Gallimard ;;2015;414;Française;;17,9;;26/08/2017 19:32;Livre papier;9,78E+12;"Une nuit de juin 1941, Lina, quinze ans, sa mère, Elena et son petit frère, Jonas, dix ans sont brutalement arrêtés par la police secrète soviétique.
Au bout d’un voyage épouvantable de six semaines, presque sans eau et sans nourriture, entassés dans des wagons à bestiaux, ils débarquent au fin fond de la Sibérie, dans un camp de travail soviétique. Logés dans des huttes, sous alimentés, brutalisés, les déportés tentent de survivre et de garder espoir. Dans le kolkhoze, le travail de la terre est éreintant. Mais malgré la mort, la maladie, le froid, la faim et la terreur, Lina tient bon, soutenue par une mère exemplaire, son amour pour un jeune déporté de dix-sept ans, Andrius, et portée par sa volonté de témoigner au nom de tous et de transmettre un signe de vie à son père (condamné à mort dans un autre camp) grâce à son art du dessin et à l’écriture."
Ce que je sais de toi;;Chacour Éric;Roman;Adulte;Contemporain;;Folio ;;2025;336;Française;;16,7;;12/04/2025 20:28;Livre papier;9,78E+12;Dans le Caire des années 1980, un jeune médecin suit un destin tracé pour lui. Entre son dispensaire et le prestigieux cabinet hérité de son père, Tarek n’a que peu de place pour se poser des questions. Mais la rencontre d’un être que tout semble éloigner de lui ébranlera son mariage, sa carrière et ses certitudes, ne lui laissant plus d’autre choix que l’exil.
Ce que nous confions au vent;The Phone Box at the Edge of the World;Imai Messina Laura;Roman;Adulte;Contemporain;;oct-18;;2023;240;Française;;16,3;;27/12/2023 17:43;Livre papier;9,78E+12;"Sur les pentes abruptes du mont Kujira-yama, au milieu d’un immense jardin, se dresse une cabine téléphonique : le Téléphone du vent. Chaque année, des milliers de personnes décrochent le combiné pour confier au vent des messages à destination de leurs proches disparus.


En perdant sa mère et sa fille, emportées par le tsunami de 2011, Yui a perdu le sens de sa vie. C’est pour leur exprimer sa peine qu’elle se rend au mont Kujira-yama, où elle rencontre Takeshi, qui élève seul sa petite fille. Mais une fois sur place, Yui ne trouve plus ses mots...


C’est un endroit réel qui a inspiré à Laura Imai Messina ce magnifique roman. Ode à la délicatesse des sentiments, Ce que nous confions au vent est une puissante histoire de résilience autour de la perte et la force rédemptrice de l’amour."
Ce qui fait battre nos coeurs;;Hinckel Florence;Roman;Adolescence;Science-Fiction;;Syros;;2019;450;Française;;16,9;28/11/2025 21:46;28/11/2025 21:46;Livre papier;9,78E+12;"A la moindre émotion, la petite sœur d'Esteban est en danger car elle vit avec un cœur artificiel bas de gamme. En 2030, le marché propose pourtant des organes performants, fabriqués par la société Organic... encore faut-il pouvoir se les payer. Désespéré, Esteban kidnappe Leila, une jeune fille célèbre car ""artificielle"" à 96%, ainsi que Noah, le riche héritier d'Organic. Le deal? Il relâchera les otages s'il obtient un nouveau cœur pour sa sœur. Commence une nuit de cavale retransmise en direct sur les réseaux sociaux."
Celle que je cherchais;;Lambert Cassandre;Roman;Young Adult;Romance;;Didier Jeunesse;;2023;451;Française;;16,3;;17/06/2024 23:13;Livre papier;9,78E+12;Noah a 18 ans, un physique d’asperge et (absolument) aucune aptitude sociale. Alors, la rentrée à la fac de droit, il la sent mal : crouler sous les devoirs, galérer financièrement, boire des litres de café et ne pas réussir à s’intégrer, il n’envisage rien d’autre. Jusqu’à Armelle. Insaisissable, lunatique et fêtarde, elle est tout ce qu’il n’est pas. Sauf qu’il en tombe irrémédiablement amoureux…
Celle qui rêvait des tigres;;Chan Élodie;Roman;Young Adult;Fantastique;;Sarbacane;;2025;186;Française;;15,4;;28/02/2025 18:51;Livre papier;9,79E+12;"Une quête d’identité au souffle poétique renversant dans un Japon mythique.
Dans le village côtier de Sel, Kishi, jeune fille adoptée, tourne en rond, à la recherche de ses origines. Dans le village continental de Fange, surplombé par un volcan fulminant, le jeune Waban rêve d’échapper au destin des hommes : chercher chaque jour le souffre en haut du volcan et en mourir d’une mort prématurée. Dans les bois qui les séparent, rôdent les Oni Yama, des sorcières puissantes qui se transforment en tigres, la nuit venue. Qui sont-elles ? Pourquoi Kishi est-elle irrésistiblement attirée par ces créatures insondables ? Et que changera sa rencontre avec Waban ?

Deux destins liés dans l’ombre bruissante des bambous, par-delà la violence des hommes et la résilience des femmes."
Celui qui sera mon homard / Mon homard;Lobsters;Ellen Tom et Ivison Lucy;Roman;Adolescence;Contemporain;;Gallimard ;;2019;368;Française;;15;;29/06/2022 19:08;Livre papier;9,78E+12;"Sam et Hannah n'ont plus que l'été pour trouver leur homard, leur(e) partenaire idéal(e), avant d'entrer à la fac. Mais le destin joue contre eux. Quiproquos, maladresses et complexes alimentent leur crainte de rester vierges toute leur vie ! Pourtant, ils pourraient bien être faits l'un pour l'autre? Une formidable comédie romantique à deux voix qui nous fait vivre les grands moments d'une bande de copains, les fous rires, les excès et les malentendus, la confiance en soi jamais perdue malgré les apparences et les surprises de LA première fois. Tous les fans de la série Friends adoreront. Et tous ceux qui rêvent d'amour et d'amitié.
"
Cent millions d'années et un jour;;Andrea Jean-Baptiste;Roman;Adulte;Contemporain;;L'Iconoclaste;;2019;320;Française;;16;;12/04/2024 23:40;Livre papier;9,78E+12;"1954. C’est dans un village perdu entre la France et l’Italie que Stan, paléontologue en fin de carrière, convoque Umberto et Peter, deux autres scientifiques. Car Stan a un projet. Ou plutôt un rêve. De ceux, obsédants, qu’on ne peut ignorer. Il prend la forme, improbable, d’un squelette. Apatosaure ? Brontosaure ? Il ne sait pas vraiment. Mais le monstre dort forcément quelque part là-haut, dans la glace. 
S’il le découvre, ce sera enfin la gloire, il en est convaincu. Alors l’ascension commence. 
Mais le froid, l’altitude, la solitude, se resserrent comme un étau. Et entraînent l’équipée là où nul n’aurait pensé aller."
Ces liens qui nous séparent;The Whole Thing Together;Brashares Ann;Roman;Adolescence;Contemporain;Romance;Gallimard ;;2017;336;Française;;15,4;;18/12/2023 19:33;Livre papier;2075081549;Sasha et Ray passent tous leurs étés dans la vieille maison de famille de Long Island. Depuis l'enfance, ils partagent tout, lisent les mêmes livres, courent les mêmes sentiers sablonneux vers la plage, dorment dans le même lit. Mais ils ne se sont jamais rencontrés ! Car le père de la jeune fille a été marié avec Lila, la mère de Ray. Et depuis leur séparation houleuse, chacun a refait sa vie et veille à ce que leurs nouvelles familles ne séjournent jamais en même temps dans la maison des vacances. Mais cet été, le destin s'en mêle, aidé d'Emma, Quinn et Mattie, leurs trois soeurs irrésistibles. Les chemins de Ray et Sasha vont enfin se croiser. Et bien des certitudes vont voler en éclats.
Ceux qu'on oublie;;Lume Chloé;Roman;Young Adult;Fantastique;Science-Fiction;Leha;;2021;453;Française;;15,2;;10/08/2024 09:25;Livre papier;9,79E+12;"Esther et Louis vivent une ville morne, que personne ne peut quitter.

Seule exception : les jeunes qui s’en vont combattre lorsqu’ils atteignent dix-sept ans, pour une guerre lointaine et invisible. Et ceux-là ne reviennent pas.

Esther approche de l’âge fatidique. Elle est prête à tout risquer pour échapper à ce destin imposé.

Non-voyant, Louis sera exempté. Cela ne l’empêche pas de rêver à d’autres horizons.

Le jour où Esther vient rompre sa solitude, il décide de la suivre dans une quête qui remet en question tout ce qu’ils croyaient savoir : pourquoi la rocade demeure-t-elle déserte malgré les bruits de voiture qui y roulent ? Qui sont ces gens dont ils surprennent la conversation répétitive dans des maisons pourtant vides ? Pourquoi ceux partis à la guerre semblent s’effacer des mémoires ?

Il ne suffit pas de vouloir s’enfuir pour que la ville les laisse partir… Et l’unique porte de sortie risque de les mener bien plus loin que prévu.

Dans un monde inconnu."
Ceux qui traversent la mer reviennent toujours à pied;;Veith Marine;Roman;Adolescence;Contemporain;;Sarbacane;;2020;191;Française;;15,1;;23/12/2024 17:02;Livre papier;9,78E+12;"Bardu, c’est un peu le papi misanthrope qui commence à ressentir la solitude.
Un jour, il prend Julien en stop. Julien a 18 ans, il est orphelin et ne sait pas où
aller. Bardu lui propose de l’accompagner sur le Meursault, un voilier sur lequel il
transporte du cannabis, « sans consommer, c’est dégueulasse ».
Mais pendant une escale, une clandestine à la chevelure aussi explosive que son
prénom, Exaucée, va contrarier tous leurs plans.
Exaucée est congolaise, elle n’a que sa vie, qu’elle veut vivre en France : elle les
oblige à quitter la Sicile sans payer leur bakchich aux mafias. Ils s’engagent alors
dans une course à la vie ponctuée de rencontres loufoques et inquiétantes…"
Challenge Chicken Wings, Ou comment je suis devenu célèbre;;Tixier Jean-Christophe;Roman;Adolescence;Contemporain;Humour;Syros;;2024;387;Française;;15,7;;14/11/2024 15:43;Livre papier;9,78E+12;Shawn a une mère ex-choriste de Madonna, un père doué pour les affaires, une grande sœur styliste… Ce qu’il vise ? La célébrité à tout prix, celle qui ouvre toutes les portes. Le problème ? Il n’a pas de talent ni de passion particuliers. Vainqueur d’un concours de mangeurs d’ailes de poulet, sa notoriété décolle d’un coup. À chaque nouveau kilo de poulet ingurgité, les followers affluent. C’est alors qu’il tombe fou amoureux de Asma, qui lui avoue… militer pour la cause animale.
Charlotte;;Foenkinos David;Roman;Adulte;Histoire vraie;Drame;Folio ;;2016;254;Française;;16,9;;12/04/2025 20:34;Livre papier;9,78E+12;Ce roman retrace la vie de Charlotte Salomon, artiste peintre morte à vingt-six ans alors qu'elle était enceinte. Après une enfance à Berlin marquée par une tragédie familiale, Charlotte est exclue progressivement par les nazis de toutes les sphères de la société allemande. Elle vit une passion amoureuse fondatrice, avant de devoir tout quitter pour se réfugier en France. Exilée, elle entreprend la composition d'une œuvre picturale autobiographique d'une modernité fascinante. Se sachant en danger, elle confie ses dessins à son médecin en lui disant : «C'est toute ma vie.» Portrait saisissant d'une femme exceptionnelle, évocation d'un destin tragique, Charlotte est aussi le récit d'une quête. Celle d'un écrivain hanté par une artiste, et qui part à sa recherche.
Cher connard;;Despentes Virginie;Roman;Adulte;Contemporain;;Grasset;;2022;352;Française;;14,1;;16/07/2024 12:16;Livre papier;9,78E+12;"«  Cher connard,
J’ai lu ce que tu as publié sur ton compte Insta. Tu es comme un pigeon qui m’aurait chié sur l’épaule en passant. C’est salissant, et très désagréable. Ouin ouin ouin je suis une petite baltringue qui n’intéresse personne et je couine comme un chihuahua parce que je rêve qu’on me remarque. Gloire aux réseaux sociaux  : tu l’as eu, ton quart d’heure de gloire. La preuve  : je t’écris.  »
 
Après le triomphe de sa trilogie Vernon Subutex, le grand retour de Virginie Despentes avec ces Liaisons dangereuses ultra-contemporaines.
Roman de rage et de consolation, de colère et d’acceptation, où l’amitié se révèle plus forte que les faiblesses humaines…"
Chien 51;;Gaudé Laurent;Roman;Adulte;Science-Fiction;Policier;Babel;;2024;288;Française;;15,2;;19/11/2024 18:50;Livre papier;9,78E+12;Autrefois, Zem Sparak fut, dans sa Grèce natale, un étudiant engagé, un militant de la liberté. Mais le pays, en faillite, a fini par être vendu au plus offrant, malgré l’insurrection. Et dans le sang de la répression massive qui s’est abattue sur le peuple révolté, Zem Sparak, fidèle à la promesse de toujours faire passer la vie avant la politique, a trahi. Au prix de sa honte et d’un adieu à sa nation, il s’est engagé comme supplétif à la sécurité dans la mégalopole du futur. Désormais il y est “chien” – c’est-à- dire flic – et il opère dans la zone 3, la plus misérable, la plus polluée de cette Cité régie par GoldTex, fleuron d’un post- libéralisme hyperconnecté et coercitif. Mais au détour d’une enquête le passé va venir à sa rencontre.
Chroniques de l'Empire, intégrale, tome 1 : La Marche du Nord, Un port au Sud;;Foveau Georges;Roman;Adulte;Fantasy;;Folio ;SF;2006;531;Française;;;;14/07/2016 17:56;Livre papier;;"Jeune fonctionnaire imbu de lui-même, Soze est envoyé bien loin de Dlée, capitale raffinée et vénéneuse, pour une enquête qui le mène au cœur d'une étrange forêt médiévale : la Marche du Nord. Rien ni personne n'y obéit aux lois de l'Empire. Soze découvre alors un autre monde, sauvage et presque oublié. Il n'en sortira pas indemne…
Cinq ans plus tard, le jeune enquêteur est chargé de démanteler une organisation criminelle à Pahar-Rémaé, le plus grand port au sud de l'Empire. Confronté à des Méridionaux peu respectueux de l'autorité impériale, Soze doit décapiter l'obscure organisation qui assassine ses alliés et mettre au jour un terrifiant complot."
Chroniques lunaires, tome 4 : Winter;The Lunar Chronicles, book 4: Winter;Meyer Marissa;Roman;Young Adult;Science-Fiction;;Pocket;;2016;983;Française;;18;;11/04/2024 18:46;Livre papier;9,78E+12;"La Princesse Winter est admirée par le peuple lunaire pour sa grâce et sa gentillesse. Malgré les cicatrices qui marquent son visage, on dit que sa beauté dépasse de loin celle de sa belle-mère, la Reine Levana.

Winter déteste Levana et sait que cette dernière n'approuverait pas ses sentiments pour son ami d'enfance, le séduisant garde Jacin. Mais la jeune fille n'est pas aussi faible que le croit la reine et cela fait des années qu'elle a entrepris de contrecarrer les plans de sa belle-mère. Avec Cinder et leurs alliés, Winter pourrait même avoir le pouvoir de commencer une révolution et gagner une guerre qui sévit depuis trop longtemps.

Est-ce que Cinder, Scarlet, Cress et Winter seront à la hauteur pour battre Levana et enfin trouver la paix qu'elles méritent?"
